factor_name,momentum,quality,size,value,volatility
momentum,1.0,0.5789068587088758,0.03637898734254622,-0.36284848143464,0.17371240414412512
quality,0.5789068587088758,1.0,0.07535976043709341,-0.43642478018411074,-0.2645663609273831
size,0.03637898734254622,0.07535976043709341,1.0,0.5859592124286542,-0.027120433359407302
value,-0.36284848143464,-0.43642478018411074,0.5859592124286542,1.0,0.17789090740568175
volatility,0.17371240414412512,-0.2645663609273831,-0.027120433359407302,0.17789090740568175,1.0
