factor_name,total_return,annual_return,annual_sharpe,max_drawdown,n_months
momentum,0.3786723400824805,0.08181682017380232,0.6150404768959523,-0.18452400769728425,49
quality,0.037364733315475185,0.024757218700618644,0.2979899057227939,-0.10757872808783081,18
size,0.2399875254885453,0.15419240118339084,1.4735974410686983,-0.05565266198296622,18
value,0.2762202288920521,0.17656813656083004,1.354300050666219,-0.10628961199577654,18
volatility,-0.5970415884571827,-0.19955953625708667,-0.8798319984052501,-0.6833887464955251,49
