factor_name,1,2,3,4,5
momentum,0.008007447380203278,0.00830669417949467,0.008299146589063605,0.010268935627720951,0.015616208321388056
quality,0.010501259171200818,0.006309190683430643,0.009022660031918501,0.006060731426237691,0.013040217346703636
size,0.0038414416804237786,0.004042184668668559,0.010810525519483485,0.010006046868061974,0.016988167760704505
value,0.001606616681181528,0.010834439407064394,0.008856088793529083,0.00827399677008479,0.01672610592050967
volatility,0.020897360155715028,0.009845580396481146,0.009807183162943304,0.005604914293773714,0.004243824563218674
