factor_name,avg_monthly_turnover
momentum,0.22119653529551597
quality,0.1834893383190597
size,0.12883019151013533
value,0.1290808599593332
volatility,0.057679808166372804
